rsid	chr	pos_hg19	ancestral	derived	beta	pvalue	nearest_gene	ld_block
rs1426654	15	48426484	G	A	7.69	5.5e-62	SLC24A5	1
rs1834640	15	48392165	G	A	7.56	3.2e-61	SLC24A5	1
rs2413887	15	48485926	T	C	7.70	4.9e-62	CTXN2	1
rs2675345	15	48400199	G	A	7.62	6.7e-61	SLC24A5	1
rs8028919	15	48460188	G	A	-4.95	5.0e-32	MYEF2	1
rs10414812	19	3547955	C	T	4.38	3.8e-16	MFSD12	2
rs10424065	19	3545022	C	T	4.48	5.1e-20	MFSD12	2
rs142317543	19	3547685	C	T	6.99	5.0e-14	MFSD12	2
rs56203814	19	3544892	C	T	-4.38	3.6e-18	MFSD12	2
rs73527942	19	3545150	T	G	-3.58	4.8e-14	MFSD12	2
rs111317445	19	3566631	C	T	3.51	1.7e-16	HMG20B	3
rs112332856	19	3565599	T	C	3.52	3.8e-16	HMG20B	3
rs6510760	19	3565253	G	A	3.54	6.5e-15	MFSD12	3
rs6510761	19	3565909	T	C	2.79	2.2e-8	HMG20B	3
rs7246261	19	3565357	C	T	2.71	1.1e-8	HMG20B	3
rs7254463	19	3566513	C	T	2.90	9.0e-9	HMG20B	3
rs397709980	11	61148456	G	GA	-2.90	2.4e-11	TMEM216	4
rs4453253	11	61152630	C	T	-2.85	5.4e-11	TMEM216	4
rs4939519	11	61142943	C	T	-2.47	2.8e-10	TMEM138	4
rs4939520	11	61153401	C	T	-2.79	1.4e-10	TMEM216	4
rs57265008	11	61141259	T	C	2.34	3.7e-9	TMEM138	4
rs7948623	11	61137147	A	T	-2.94	2.2e-11	TMEM138	4
rs10897150	11	61063156	G	T	2.79	8.8e-9	VWCE	5
rs10897155	11	61141164	C	T	-2.41	1.6e-9	TMEM138	5
rs1108769	11	61054892	A	C	2.82	3.0e-9	VWCE	5
rs11230658	11	61046876	T	C	3.01	9.4e-10	VWCE	5
rs11230664	11	61076372	C	T	2.95	2.1e-9	DDB1	5
rs11230678	11	61139869	G	A	-2.41	1.7e-9	TMEM138	5
rs12275843	11	61075524	T	C	2.64	5.5e-9	DDB1	5
rs12289370	11	61084180	G	A	2.99	1.3e-9	DDB1	5
rs12791961	11	61152028	C	A	2.90	9.7e-9	TMEM216	5
rs1377457	11	61144652	C	A	-3.01	1.5e-9	TMEM138	5
rs1377458	11	61144707	C	T	-2.40	2.1e-9	TMEM138	5
rs148172827	11	61115821	C	CATCAA	-2.95	1.8e-9	TKFC	5
rs2001746	11	61033525	T	A	2.56	1.7e-8	VWCE	5
rs2260655	11	61108974	G	A	2.63	9.0e-9	TKFC	5
rs2305465	11	61112802	C	T	2.62	1.8e-8	TKFC	5
rs2512809	11	61106525	C	T	-2.93	7.4e-10	TKFC	5
rs2513329	11	61106892	G	C	-2.73	1.6e-8	TKFC	5
rs3017597	11	61222635	G	A	-2.77	5.4e-9	SDHAF2	5
rs653173	11	61018855	A	G	2.68	8.2e-9	PGA5	5
rs7120594	11	61080557	T	C	2.58	1.2e-8	DDB1	5
rs73490303	11	61043773	G	C	2.67	7.2e-9	VWCE	5
rs7394502	11	61141476	G	A	-2.41	1.6e-9	TMEM138	5
rs7934735	11	61088140	G	T	2.98	1.5e-9	DDB1	5
rs7951574	11	61122878	G	A	2.92	2.8e-9	CYB561A3	5
rs9704187	11	61044470	G	C	2.58	1.3e-8	VWCE	5
rs12915877	15	28396894	T	G	-2.76	1.1e-8	HERC2	6
rs1635167	15	28535675	C	T	-2.88	8.9e-9	HERC2	6
rs1667393	15	28532639	C	T	-2.82	6.3e-9	HERC2	6
rs2905952	15	28545148	A	G	-3.16	9.0e-9	HERC2	6
rs4932618	15	28487069	G	A	-2.69	1.6e-8	HERC2	6
rs4932620	15	28514281	C	T	-2.85	3.2e-9	HERC2	6
rs1800404	15	28235773	C	T	2.54	1.6e-8	OCA2	7
rs1868333	15	28238158	G	A	-2.53	2.2e-8	OCA2	7
rs735066	15	28238895	A	G	-2.50	3.5e-8	OCA2	7
